Status,Handle,ID,Name,Followers,Tweets,Date Created,Date Active
Active,@Bill_Hogarth,601029755,William Hogarth,559,144,2012-06-06,2022-08-24
Active,@IdeologyWars,816039689127739392,Ideology Wars,50284,15470,2017-01-02,2022-08-22
Active,@IrishAntifa,1204214253953191937,Irish Students Against Globalism,3379,11650,2019-12-09,2022-08-06
Active,@Tombstone1954,902156160945573890,Dr. Tombstone ¬ÆÔ∏è,31909,60648,2017-08-28,2022-08-22
Deleted,@alaztekiyyah,940648790050172929,,,,2017-12-13,2019-11-08
Deleted,@antifa__ny,1143316962694639616,,,,2019-06-24,2019-07-04
Deleted,@AntifaAnchorage,847761800099581952,,1157,1839,2017-03-31,2019-09-05
Deleted,@AntifaAnchorGE,847761800099581952,,,,2017-03-31,
Deleted,@AntifaCobb,908687679293968385,,,,2017-09-14,2017-09-22
Deleted,@AntifaDumpster,857400234946818048,,87,850,2017-04-26,2017-07-24
Deleted,@AntifaHolyG,871480010288369667,,9,31,2017-06-04,2017-06-11
Deleted,@AntifaHonolulu,911955276776955905,,,,2017-09-24,2018-01-19
Deleted,@AntifalasVegas,900045181264642048,,,,,2017-09-05
Deleted,@AntifaLousiana,897279041308327936,,,,2017-08-14,2017-09-12
Deleted,@AntifaNorthwest,847720091085021186,,463,926,2017-03-31,2020-10-19
Deleted,@AntifaOslo,1180773732111048704,AntifaOslo,,,2019-10-06,2019-10-06
Deleted,@AntifaTaunus,847751023401644033,,325,1222,2017-03-31,2018-05-03
Deleted,@AntifaUSAnet,1169344502898671616,,,,2019-09-04,
Deleted,@AntifaUSAorg,1169344502898671616,,,,2019-09-04,2019-12-17
Deleted,@AntifaYoung,1242873845419315201,,,,2020-03-25,2020-06-02
Deleted,@Aspen_ANTIFA,848004257299271681,,1322,1319,2017-03-31,2017-09-25
Deleted,@BasedDumpster,857400234946818048,,,,2017-04-26,
Deleted,@BelfastAntiFash,883573988080930816,,148,411,2017-07-08,2018-10-06
Deleted,@BitcoinAntifa,926620198269894656,BitcoinAntifa,,,2017-11-03,2019-05-04
Deleted,@Burnt237,915827041139904513,,,,2017-10-04,
Deleted,@Burnt246,915827041139904513,,,,2017-10-04,
Deleted,@Burnt247,915827041139904513,,,,2017-10-04,
Deleted,@CambridgeAntifa,4872202168,,1065,6548,,2017-11-30
Deleted,@CapitalAntifa,902803099957506048,,,,2017-08-30,
Deleted,@ChinaJoeBiden,901093416267911174,,,,2017-08-24,
Deleted,@CointelAntifa,915827041139904513,,,,2017-10-04,
Deleted,@CointelproAntif,915827041139904513,,,,2017-10-04,2017-12-08
Deleted,@ComptonAntifa,849541771940044802,,,,2017-04-03,2017-08-23
Deleted,@DavefilmsUs,62689793,,,,,2022-04-10
Deleted,@DCAntifa,902803099957506048,,,,2017-08-30,
Deleted,@Dedlex2,915827041139904513,,,,2017-10-04,
Deleted,@DentonAntifa,849653480377733120,,350,200,2017-04-04,2017-08-22
Deleted,@DixHillsAntifa,877529140181839873,,342,3958,2017-06-19,2017-09-27
Deleted,@DSA_ImWithHer,940648790050172929,,,,2017-12-13,
Deleted,@EdinaAntifa,930848259861598209,,,,2017-11-14,2019-05-08
Deleted,@Elementary4321,901914653751742466,,,,2017-08-26,
Deleted,@EuropeAntifa,712139540274614272,,,,2016-03-21,2021-07-20
Deleted,@FitzgeraldDonut,751639470529798144,Bikini Bottom Antifa,,,,2017-06-01
Deleted,@FreeportAntifa,862234525040087040,,,,,2017-05-12
Deleted,@HillbillyAntifa,780318123090063360,BackWoodsAntiFa,,,,2017-04-17
Deleted,@HyruleAntifa,903598607445712896,,112,294,2017-08-31,2018-01-16
Deleted,@IsraeliAntifa,902803099957506048,,174,705,2017-08-30,2017-11-19
Deleted,@Josephs84904576,847947128160649216,,,,2017-03-31,
Deleted,@just8anapple,728229632714100736,,,,2016-05-07,2020-10-11
Deleted,@KaczynskiAntifa,915827041139904513,,,,2017-10-04,
Deleted,@KoelnAntifa,854432953484681217,,,,,2017-04-26
Deleted,@MainePlumber77,862234525040087040,,,,,2018-03-30
Deleted,@MalibuAntifa2,1060717353267290113,,,,2018-11-08,2018-12-31
Deleted,@MalibuAntifa3,1060717353267290113,,,,2018-11-08,
Deleted,@MamaAntifa,901093416267911174,,26,75,2017-08-24,2020-11-20
Deleted,@MaplBluffANTIFA,848001975660814336,,453,366,2017-03-31,2017-09-01
Deleted,@MAXIMEDELATTC,702650304513368065,,,,2016-02-25,2017-08-23
Deleted,@Nazipuncher_69,924347641126948865,Groyper Aunt Tifa ‚ò≠,,,2017-10-28,2017-11-28
Deleted,@NewcastleAntifa,892379002903699456,,198,235,2017-07-31,2018-01-30
Deleted,@OxnardAntifa,1064544756041244672,,,,2018-11-19,
Deleted,@OxnardAntifa2,1064544756041244672,,,,2018-11-19,2018-12-31
Deleted,@PaloAltoAntifa,848240593998237698,,,,2017-04-01,2017-08-15
Deleted,@PVAntifa3,1055273311540834304,,,,2018-10-24,2019-05-23
Deleted,@RealAntifa101,902823644921024512,,,,2017-08-30,2018-07-26
Deleted,@SanJoseAntifa,848749151663792129,,782,406,2017-04-02,2017-08-25
Deleted,@shafiishawty,940648790050172929,,,,2017-12-13,
Deleted,@StarfleetAntifa,908449305928830976,,,,2017-09-13,2020-09-06
Deleted,@TruthsFreeAgain,902823644921024512,,,,2017-08-30,
Deleted,@TxPaso,1032649284351606784,ElPasoTXAntifa1,,,2018-08-23,2018-11-05
Deleted,@UnibomberAntifa,915827041139904513,,,,2017-10-04,
Deleted,@VancouverAntifa,847947128160649216,,1160,1559,2017-03-31,2017-04-17
Deleted,@WashakieAntifa,903734500349194240,Washakie Antifa,,,2017-08-31,2019-06-06
Deleted,@WayneHo07899148,901914653751742466,,,,2017-08-26,2018-09-05
Deleted,@YoungAnarchistt,1242873845419315201,,,,2020-03-25,
Deleted,@1zig6zag1,1499276083505553411,,,,2022-03-03,
Deleted,@ArrowsDown161,803877035693264897,,,,,2019-08-31
Deleted,@baldi161,1487195229769846797,,,,2022-01-28,
Deleted,@dltd2022act,1530015262249984009,DLTDACCT,,,2022-05-26,2022-06-20
Deleted,@dltdacct2022,1499276083505553411,DLTDACCT,,,2022-03-03,2022-06-20
Deleted,@f1sc6iai1vento,1411972061283635202,,,,2021-07-05,
Deleted,@inglaterranuova,327793692,,,,,
Deleted,@Inu161,1111447447450976256,,,,2019-03-28,
Deleted,@inu161,897954452157681700,,,,2017-08-16,
Deleted,@kamotverdaia,1476709661889941510,,,,2021-12-30,2022-01-24
Deleted,@krma161isabitch,1417751560944295938,,,,2021-07-20,2021-10-29
Deleted,@laquincebrigada,1416276371316174848,,,,2021-07-16,2021-10-27
Deleted,@marwencolrbo,1411972061283635202,,,,2021-07-05,
Deleted,@Misk161,803877035693264897,,,,,2020-02-02
Deleted,@nome__n__escio,1417751560944295938,,,,2021-07-20,2021-10-30
Deleted,@nome_n_escio,1417751560944295938,,,,2021-07-20,2021-10-30
Deleted,@Novanglus161,1325955943566364672,,,,2020-11-10,
Deleted,@red161partisan,1386757788106248194,,,,2021-04-26,2021-05-18
Deleted,@SJAntifa,803877035693264897,,,,,2017-08-23
Deleted,@WolftrapAF,803877035693264897,,,,,2018-08-27
Deleted,@zig161zag,1325955943566364672,,,,2020-11-10,2021-09-04
Deleted,@zig161zag,1530015262249984009,,,,2022-05-26,
Deleted,@zigzag161,1325955943566364672,,,,2020-11-10,2021-09-04
Deleted,@zigzagantifa,1386757788106248194,,,,2021-04-26,2021-05-18
Deleted,@zigzagantifa,1386757788106248200,,,,2021-04-26,2021-07-22
Deleted,@zz161zzz,1325955943566364,,,,2020-11-10,
Deleted,@zz161zzz,1325955943566364672,,,,2020-11-10,
Deleted,@zzz161zzz,1386757788106248194,,,,2021-04-26,2021-05-18
Name Changed,@AntEthereum,1012921731302871041,,,,2018-06-29,
Name Changed,@antifa_tiki,896562774779846658,Project Grizzly,20,14,2017-08-12,2018-02-10
Name Changed,@AntifaBinkys,902156160945573890,Dr. Tombstone ¬ÆÔ∏è,32441,60656,2017-08-28,2022-06-25
Name Changed,@AntifaUtah,848040384039067648,Not a Victim,243,818,2017-03-31,
Name Changed,@baathsalt,818126854091485184,,,,,2022-06-29
Name Changed,@Bath_Antifa,601029755,,,,2012-06-06,2022-07-09
Name Changed,@BCashAuntiFa,1012921731302871041,,,,2018-06-29,
Name Changed,@Brutaltism,818126854091485184,,,,,2022-06-29
Name Changed,@BuckheadAnita,847970588773818368,Buckhead Antifa,81,1,2017-03-31,2017-04-02
Name Changed,@burnantifa,4805367912,,,,2016-01-23,2016-06-25
Name Changed,@Dwakefield69,304697021,,,,,
Name Changed,@folouofficial,717914842481500160,,,,2016-04-06,2017-09-13
Name Changed,@FtBraggAntifa,897941021555924992,,,,2017-08-16,2018-01-21
Name Changed,@GoingGies,1328113068,,,,,2019-09-01
Name Changed,@IRV_Antifa,816039689127739392,,,,,2022-07-09
Name Changed,@jawillerding,502446133,,,,2012-02-24,2017-04-06
Name Changed,@KaliLegdrop,818126854091485184,,,,,2022-06-29
Name Changed,@newaustinite,181782082,,,,2010-08-22,2017-10-07
Name Changed,@NWANTIFATAC,1056368950190202880,,,,2018-10-27,2019-05-09
Name Changed,@SFAntifa,850165175038525441,El Red Pill,377,629,2017-04-06,2018-01-04
Name Changed,@STexasAntifa,864299780364783616,Chris Thatch,29,1250,2017-05-15,2018-05-10
Name Changed,@Tactual100,848040384039067648,Not a Victim,243,818,2017-03-31,
Name Changed,@typical_twink,818126854091485184,,,,,2022-06-29
Name Changed,@USASOCandProud,897941021555924992,,,,2017-08-16,2018-01-21
Name Changed,@UtahAntiFascist,832359419203768320,,,,2017-02-16,2021-01-14
Name Changed,@BuffaloAntifa,832422851005313024,,,,2017-02-16,2022-07-10
Name Changed,@HillaryCli2020,832422851005313024,,,,2017-02-16,2022-07-10
Suspended,@AntifaOr,1304520055649169409,"President-Elect Lonerock Oregon Antifa, PhD",8,334,2020-09-11,2022-02-19
Suspended,@antifatoronto,1472034706451361795,Donald Francis Smith,5,17,2021-12-17,2022-03-12
Suspended,@NashvilleAntifa,820888747030016000,NashvilleAntifa,57,0,2017-01-16,2022-04-10
Suspended,@AntifaHoboslaya,1549393688211628032,Methy AntiFash Hoboslaya,16,316,2022-07-19,2022-08-01
Suspended,@AcadianaAntifa,821101105757163524,Acadiana Antifa,261,435,2017-01-16,2018-03-31
Suspended,@Adolf51358892,953341314925584384,Antifa-IN,4,7,2018-01-16,2018-01-23
Suspended,@afadjursholm,881598380396466176,AFA Djursholm,192,204,2017-07-02,2018-10-15
Suspended,@AfricaAntifa,927863990176317441,Yamcha,20,356,2017-11-07,2019-03-20
Suspended,@AjBenz31,913549921755828224,Aj Benz üåπ,12,33,2017-09-28,2017-10-12
Suspended,@Altleft13,897911496134492166,Antifa NC,27,48,2017-08-16,2018-03-05
Suspended,@ann_tiffa,1273724587801563138,Ann Tiffa,0,2,2020-06-18,2020-11-08
Suspended,@antifa_305,869729696258371584,Antifa 305,2,15,2017-05-30,2017-05-30
Suspended,@antifa_dc,1270934305951428608,Not Antifa,25,6,2020-06-10,2020-06-11
Suspended,@antifa_detroit,1019942010000674819,Detroit ANTIFA,19,244,2018-07-19,2019-01-26
Suspended,@ANTIFA_IRELAND,862786536726814727,John Hiccuck,18,66,2017-05-11,2017-07-12
Suspended,@antifa_mom,828104329257185284,antifa soccer mom,0,1,2017-02-04,2017-02-05
Suspended,@Antifa_NewsNet,875174088347537408,Antifa News Network,9,138,2017-06-14,2017-06-18
Suspended,@Antifa_North,899621345843171328,Antifa North,0,28,2017-08-21,2017-09-04
Suspended,@ANTIFA_STPAUL,854198209249411072,ANTIFA ST PAUL,2,2,2017-04-17,2017-04-17
Suspended,@antifa_uk,876442847691538432,ANTIFA UK,53,37,2017-06-18,2017-10-21
Suspended,@antifa502,851416081583550465,Louisville Antifa,59,23,2017-04-10,2017-04-18
Suspended,@AntifaAz,828412471912329217,Az Antifa Front,19,84,2017-02-05,2020-02-28
Suspended,@AntifaBali,899588748693864448,Bali Antifa,21,1,2017-08-21,2017-08-21
Suspended,@antifabuffaloNY,827490970338000896,REDHATS,15,1198,2017-02-03,2017-07-27
Suspended,@AntifaCAL,908520493413625856,Antifa California,32,166,2017-09-14,2017-10-09
Suspended,@AntifaCaliO,936637308480077824,AntifaCali,7,40,2017-12-01,2017-12-11
Suspended,@AntifaDallas,856881648880812033,AntifaDallas,53,24,2017-04-25,2017-06-14
Suspended,@AntifaDenmark,900589371610415104,Denmark Antifa,3,1,2017-08-23,2017-08-23
Suspended,@AntifaFinland,1211305786313306114,Antifa Finland,0,0,2019-12-29,2020-01-24
Suspended,@AntifaFlorida,879722802881990656,Antifa Florida,57,3,2017-06-27,2017-06-28
Suspended,@antifafortrump,1314513433404993536,Antifa For Trump,0,0,2020-10-09,2019-08-30
Suspended,@AntifaHere,1150496599954640897,Post antifa members here,0,20,2019-07-14,2019-08-22
Suspended,@ANTIFAISTHEFUT1,863075949436436480,ANTIFAISTHEFUTURE,2,46,2017-05-12,2017-05-13
Suspended,@AntifaJackHole,848046061608292352,Antifa Jackson Hole,0,1,2017-03-31,2017-04-01
Suspended,@AntifaKryptnite,860860779809165312,Anti Antifa,11,17,2017-05-06,2017-10-18
Suspended,@AntifaLatino,898653322562981888,AntifaLatino,1,5,2017-08-18,2017-08-18
Suspended,@AntifaLeaks,827742815471955968,AntifaLeaks,53,8,2017-02-03,2017-02-04
Suspended,@AntifaLeeds,872838429637320704,Antifa Leeds UK,71,11,2017-06-08,2017-06-13
Suspended,@antifam4us,843665787143573504,Antifa M-4 US,46,116,2017-03-19,2017-06-27
Suspended,@AntifaMayfair,853974193695838208,Mayfair Antifa,50,132,2017-04-17,2017-04-29
Suspended,@AntifaMelb,797441671487098880,antifa melbourne,70,22,2016-11-12,2018-01-10
Suspended,@AntifaNAEU,965924233443512320,Antifa,0,15,2018-02-20,2018-04-02
Suspended,@ANTIFAOFCL,901261941599080448,TrumpisBetterThanYou,1,201,2017-08-25,2018-02-03
Suspended,@ANTIFAPACIFICNW,706785201607675904,Antifa Pacific NW,21,26,2016-03-07,2016-03-08
Suspended,@AntifascismUSA,827480772932227072,Antifascism USA,161,35,2017-02-03,2017-03-22
Suspended,@antifashy,814850179710992384,Destroy Whiteness,16,135,2016-12-30,2017-02-02
Suspended,@AntifaSolder,900560269507735556,AntifaSolder,0,87,2017-08-23,2018-02-28
Suspended,@AntifaThe,856650448610222081,TheVillagesAntifa,14,53,2017-04-24,2017-05-10
Suspended,@Antifauprise11,915410902618386432,antifadude,0,0,2017-10-03,2017-10-03
Suspended,@ANTIFAUSA911,885456852183650304,ANTIFA,6,0,2017-07-13,2017-07-13
Suspended,@antifawarrior,900571614831575044,Billy Williams,1,2,2017-08-23,2017-08-23
Suspended,@AntifaWf,931866701658025985,Tasty Morsel,4,227,2017-11-18,2017-12-21
Suspended,@AuburnAntifa,843283355638661120,Auburn Antifa,5,11,2017-03-18,2017-03-29
Suspended,@AuroraAntifa,853041340623368192,Aurora Antifa,13,9,2017-04-14,2017-05-11
Suspended,@BallsFerryAntiF,893559888365797376,Balls Ferry Antifaüè¥,77,37,2017-08-04,2017-10-02
Suspended,@Banbury_Antifa,906576066315255808,Banbury Antifa,247,520,2017-09-09,2019-06-02
Suspended,@BAntifascists,1122569758849863680,BroadStreetAntifascists,3,3,2019-04-28,2019-06-09
Suspended,@BashTheFash14,913124706026270720,Antifa rules,17,16,2017-09-27,2018-03-15
Suspended,@billy_zaneberg,835328961047453696,Billyüê∏Zaneberg,19,312,2017-02-24,2017-04-09
Suspended,@BRF_hq,902015779155177472,BRF,46,3,2017-08-27,2017-08-30
Suspended,@BuckheadAntifa,847970588773818368,Buckhead Antifa,78,1,2017-03-31,2017-04-02
Suspended,@ComradeGoddess,1039979324298878976,ComradeGoddess,24,116,2018-09-12,2018-11-28
Suspended,@CorJerryMan,1012921731302871041,Jerry Corman,48,65,2018-06-29,2018-07-04
Suspended,@DesMoinesAntifa,848968444464812033,TheSneakyDingo,0,12,2017-04-03,2017-08-15
Suspended,@DetroitANTIFA,827684316582928384,Detroit ANTIFA,57,5,2017-02-03,2017-05-15
Suspended,@DISNEYANTIFAA,864254306173812737,DISNEYWORLDANTIFA,2,14,2017-05-15,2017-06-29
Suspended,@division_soros,891674230928146432,Nat Antifaleitung,42,96,2017-07-30,2017-10-15
Suspended,@duhduhduh123,848040384039067648,Not a Victim,236,818,2017-03-31,2017-03-31
Suspended,@DukeSoftpaws,864299780364783616,Chris Thatch,28,1250,2017-05-15,2018-05-10
Suspended,@dunnyonthewold1,1013928683655041035,dunny on the wold antifa,5,5,2018-07-02,2018-07-02
Suspended,@EastCoastAntifa,896801871079383040,East Coast Antifa,7,34,2017-08-13,2017-12-22
Suspended,@ElPasoAntifa,847710049690460166,El Paso Antifa,23,10,2017-03-31,2017-04-04
Suspended,@ElRedPill,850165175038525441,El Red Pill,366,629,2017-04-06,2018-01-04
Suspended,@Evan_NJ_Antifa,868645640485703681,Central NJ Antifa,13,173,2017-05-27,2017-07-05
Suspended,@Feminist_Antifa,890640350435565569,Feminist AntiFaüè¥‚Äç‚ò†Ô∏èüñ§,36,112,2017-07-27,2018-06-22
Suspended,@goldvoid16,807598862311493632,LGBT Antifa Comrade,11,17,2016-12-10,2018-07-15
Suspended,@Goy90005356,1162760557692428288,SoyDrinker#8814,1,48,2019-08-17,2019-10-22
Suspended,@HonoluluAntifa,846227403978420225,Honolulu Antifa,6,1,2017-03-26,2017-03-26
Suspended,@IdaResistDrumpf,848417567517458434,STOP FREE SPEECH .ORG,232,2979,2017-04-02,2020-10-15
Suspended,@josheweintraub,806986444602490881,Joshua,5,17,2016-12-08,2018-01-23
Suspended,@KekistanANTIFA,847625197293154305,Kekistan Antifa,157,111,2017-03-30,2017-09-09
Suspended,@killallfash,900507119925047296,LEFTIST MAN,3,35,2017-08-23,2019-07-31
Suspended,@KommunistBigMac,891671500260069376,McDonalds AntiFa,15,41,2017-07-30,2018-02-18
Suspended,@LamorindaAntifa,848746610267791360,LamorindaMoms Antifa,2,4,2017-04-02,2017-07-12
Suspended,@LastKangofScot,901158648990371840,Pitbullsdindunuffing,1,21,2017-08-25,2017-09-20
Suspended,@LATINO_ANTIFA,900595446976057347,LATINOANTIFAFURY,5,9,2017-08-23,2017-08-24
Suspended,@MelbAntifa,847765769895018496,Melbourne Antifa,22,1,2017-03-31,2017-03-31
Suspended,@MiamiAntifa,846231159767916546,Miami Antifa,13,2,2017-03-26,2017-04-05
Suspended,@MidwestAntifa,920458746240921601,Midwest Antifa,20,13,2017-10-17,2017-10-17
Suspended,@MommyAntifa,849673902519443460,Antifa Mommy,4,44,2017-04-05,2017-07-04
Suspended,@Nationalantifa,902215130460688385,Shaholo,12,54,2017-08-28,2018-03-07
Suspended,@NewportAntifa,1182381602611040256,NewportAntifa,0,0,2019-10-10,2019-06-26
Suspended,@NMantifa,1328113068,New Mexico Antifa,52,76,2013-04-04,2019-09-01
Suspended,@nskantifa,717914842481500160,NSKNTIFA,15,851,2016-04-06,2017-09-13
Suspended,@NWIndianaAntiFa,904462978652803073,NWIndianaAntiFa,34,258,2017-09-03,2017-10-11
Suspended,@PisspigNephew,873333962646601731,Roseville Antifa,31,10,2017-06-09,2017-06-10
Suspended,@plentyoffash,181782082,Plenty of Fash‚Ñ¢ üåπ,649,6885,2010-08-22,2017-10-07
Suspended,@progman15,1007302491820552193,boulder antifa,36,435,2018-06-14,2019-04-15
Suspended,@project_grizzly,896562774779846658,Project Grizzly,20,14,2017-08-12,2018-02-10
Suspended,@punchanazi81,900556461679489024,Punch a Nazi,1,7,2017-08-23,2017-08-23
Suspended,@real_antifa,848064887309959169,LBGTQ Antifa,5,5,2017-04-01,2017-04-01
Suspended,@RealMkeAntifa,904688650046320640,Real MKE Antifa üéà,188,882,2017-09-04,2017-12-11
Suspended,@RedActionAFA,860111960641347585,Red Action,35,289,2017-05-04,2017-05-20
Suspended,@RedneckAntifa,502446133,Redneck Antifa,33,8,2012-02-24,2017-04-06
Suspended,@RedWeagle99,3161699157,The Red Coder,15,119,2015-04-12,2018-02-26
Suspended,@Reformed_Antifa,860269595768365060,Antifa of Charlotte,75,29,2017-05-04,2017-11-29
Suspended,@robert_merzhil,997550847964991488,Robert Merzhil,3,25,2018-05-18,2018-05-24
Suspended,@SamaelFawkes,832359419203768320,Agir,483,5033,2017-02-16,2021-01-14
Suspended,@SBC_Antifa,903751072124198912,Shreveport Antifa,15,62,2017-09-01,2017-09-11
Suspended,@SJAntifafags,848007713024073728,Fuck Antifa,3,4,2017-03-31,2017-03-31
Suspended,@smashfashnbths,902388129784635392,NBTHS Antifa,2,30,2017-08-28,2017-09-07
Suspended,@SmashfashSI,899381845514694656,Staten Island Antifa,72,107,2017-08-20,2017-12-18
Suspended,@SoldiersofBragg,897941021555924992,Soldiers of Bragg,117,2094,2017-08-16,2018-01-21
Suspended,@sydney_antifa,1050588204057866242,Antifa Sydney,236,0,2018-10-11,2018-10-14
Suspended,@Tempe_Antifa,900808158381309952,Tempe Antifa üè¥,13,47,2017-08-24,2017-08-25
Suspended,@texas_antifa,868677082829778944,Antifa Texas,38,8,2017-05-27,2017-05-28
Suspended,@TexasAntifa,847888633113784320,Central Texas Antifa,119,57,2017-03-31,2017-12-23
Suspended,@thought_policee,899266214760939521,üá¨üáß,2,8,2017-08-20,2017-08-31
Suspended,@tx_antifa,1351859354824187904,Tx Antifa,0,3,2021-01-20,2021-01-22
Suspended,@UKAntifa,859129913063952385,UKAntifa,21,9,2017-05-01,2019-10-29
Suspended,@VacBloc,1015995727212769280,VacBloc,195,4310,2018-07-08,2018-12-31
Suspended,@WeOwnYou4Ever,1056368950190202880,IlluminatiSpokesman,41,147,2018-10-27,2019-05-09
Suspended,@WestTxAntifa,863448696238874624,West Texas Antifa,26,1,2017-05-13,2017-05-17
Suspended,@WFBaptistAntifa,904607004013895680,WstboroBaptistAntifa,4,194,2017-09-04,2017-09-05
Suspended,@WorcesterAntifa,911596648270360576,WorcesterAntifa,7,24,2017-09-23,2018-06-04
Suspended,@worldwideantifa,913475001269047299,Worldwideantifa,14,6,2017-09-28,2017-10-02
Suspended,@zeroinonantifa,4805367912,Unite Against ANTIFA,44,272,2016-01-23,2016-06-25
Suspended,@AntiFacistUSA,827818941972115456,The entirety of Antifa USA,131,9,2017-02-04,2022-07-11
Suspended,@ArmedAntifa,1541197658823565314,Armed Antifa Action,5797,38,2022-06-26,2022-06-29
Suspended,@JohnDan27444889,1454497499637555212,John Daniels,0,6,2021-10-30,2021-10-30
Suspended,@nursehater1312,1444146572514656259,Antifa against nurses,2,59,2021-10-01,2022-07-02
Suspended,@outsideantifa,1492676056758767619,AllOutsideAnti-Fascism,4,472,2022-02-12,2022-05-29
Suspended,@WokeHillbillyTn,888609790188040193,Tennessee Primate,68,647,2017-07-21,2022-05-13
Suspended,@Dr_Shitdick,832422851005313024,Dr. Shitdick M.D.,110,6498,2017-02-16,2022-07-11
Suspended,@_antifamousec,1246024730441682944,antifamousec,,,2020-04-03,2020-01-01
Suspended,@_TulipSniper_,389586180,{Exquisi∆Æe‚ù©‚ùò‚ù®‚ÑÇ‚Ñ¥‚Ñû‚Ñò»ø‚ÑØ}SecretMarvettePolice‚öô#LarpSec,,,,2018-04-19
Suspended,@0FuxLeft,31046750,,,,,2020-07-14
Suspended,@405Antifa,854166718452609024,405 Antifa,522,3218,2017-04-17,2018-01-07
Suspended,@420COAntiFa,854869218587574272,Highlands AntiFa,279,288,2017-04-20,2017-09-09
Suspended,@90210Antifa10,1057107151498313728,Beverly Hills Antifa,,,2018-10-30,2018-11-04
Suspended,@AF_TX_Antifa,848238007987703808,AntelopeFlatsAntifa,1065,6707,2017-04-01,2020-11-08
Suspended,@AlabamaAntifa,1015413098465976320,Alabama Antifa,,,2018-07-06,2020-10-22
Suspended,@AmishAntifa,900386414126284800,üåΩAmishAntifaüåæ,396,1812,2017-08-22,2019-08-17
Suspended,@AnitifaMidwest,1520245642689458176,Midwest Antifa,38,,2022-04-29,2022-05-04
Suspended,@AntiAntifaGear,731483760563257344,Anti-Antifa Gear,,,2016-05-14,2017-08-20
Suspended,@Antif158,966447393393840130,Long Island Antifa,,,2018-02-21,2019-07-01
Suspended,@antifa_austria,1054137763543609345,Antifa Gablitz,,,2018-10-21,2019-03-20
Suspended,@antifa_bc,847984597870583809,Coast Salish Antifa,221,75,2017-03-31,2019-11-06
Suspended,@antifa_berkeley,871561257702141952,UC Berkeley Antifa,,,2017-06-06,2017-12-29
Suspended,@Antifa_Butlins,813142594964385793,Antifa Butlins,,,,2017-07-12
Suspended,@antifa_chicago ,904965845394345985,,,,,2017-11-03
Suspended,@Antifa_ElPaso,902287482095632384,El Paso Antifa,,,2017-08-28,2017-09-01
Suspended,@antifa_frisco,1177990115018317825,Antifa San Francisco,,,2019-09-26,2019-01-23
Suspended,@Antifa_Geezer,863730391580114945,Antifa The Villages,27,42,2017-05-13,2017-06-08
Suspended,@antifa_hawaii,888441899891146752,Hawaii Antifa üèÑ,,,2017-07-20,2017-07-22
Suspended,@antifa_hole,1457776671533244416,Jackson Hole Antifa,40,,2021-11-08,2021-11-09
Suspended,@antifa_houston,848182634228441088,Antifa Houston,,,2017-04-01,2017-05-17
Suspended,@Antifa_HQ,856926855214972928,Antifa HQ,,,2017-04-25,2020-11-14
Suspended,@ANTIFA_INT,887143313580732416,ANTIFA,,,2017-07-18,2017-08-31
Suspended,@Antifa_J_Hole,1527758909968195584,Antifa of The Jackson Hole,8,,2022-05-20,2022-06-02
Suspended,@antifa_japan,741984904041267202,ANTIFA JAPAN,,,,2020-06-11
Suspended,@Antifa_LA,875319656717930496,Los Angeles Antifa,,,2017-06-14,2018-05-04
Suspended,@antifa_laguna,902621665384849408,Laguna Beach Antifa,,,2017-08-29,2020-10-08
Suspended,@Antifa_Langford,872900503385939968,Langford Antifa,,,2017-06-08,2017-06-08
Suspended,@Antifa_Leader,795487382095204352,ONE,,,,2019-11-05
Suspended,@antifa_nagoya,901085200662147074,ANTIFA ÂêçÂè§Â±ã,,,2017-08-24,2018-06-07
Suspended,@antifa_nippon,761519106176593921,ANTIFA Êó•Êú¨,,,2016-08-04,2018-06-08
Suspended,@Antifa_NKorea,847896097221623808,Antifa North Korea,310,20,2017-03-31,2020-06-09
Suspended,@Antifa_of_JH,1534363839852122112,Jackson,,,2022-06-07,2022-06-10
Suspended,@Antifa_OP,856311059283677185,Antifa Ostpommern,31,184,2017-04-23,2019-03-13
Suspended,@antifa_oregon,1162964928229203968,ANTIFA POLLS,,,2019-08-17,2019-08-18
Suspended,@antifa_osaka,900062656194727936,ANTIFA Â§ßÈò™,,,2017-08-21,2018-05-05
Suspended,@ANTIFA_Portland,1162770680976252928,‚ò≠ Portland ANTIFA ‚ò≠,,,2019-08-18,2019-08-19
Suspended,@ANTIFA_Richmond,1219264148342599680,Rickmond ANTIFA‚ò≠,,,2020-01-20,2020-01-20
Suspended,@Antifa_Sweden,847927873579220997,Stockholm Antifa,,,2017-03-31,2017-03-31
Suspended,@AntiFa_ToadSuck,901673291550605312,AntiFa ToadSuck,,,2017-08-26,2017-10-26
Suspended,@antifa_tokyo,752831918513631233,ANTIFA Êù±‰∫¨,,,2016-07-12,2017-08-23
Suspended,@ANTIFA_US,1267139011430068225,‚ò≠ANTIFA America‚ò≠,,,2020-05-31,2020-06-02
Suspended,@antifa158,966464199462440960,Antifa158,,,2018-02-21,2018-02-23
Suspended,@ANTIFA2018,906940496798474240,ANTIFA 2018,,,2017-09-10,2018-02-14
Suspended,@Antifa4DSA,796441410069266449,,,,,2017-09-27
Suspended,@Antifa90210,848196242429685761,BeverlyHillsAntifa,344,62,2017-04-01,2019-06-30
Suspended,@AntifaAlpha,957999383513100289,AlphaQuadrentAntifa,,,2018-01-29,2018-02-06
Suspended,@AntifaApache,928010490034507776,Apache Junction Antifa,,,2017-11-09,2019-08-05
Suspended,@AntifaAwareness,918956832550522881,Christopher Haddocks,,,2017-10-14,2018-01-19
Suspended,@AntifaBay,932717782894088192,Frisco Antifa,,,2017-11-19,2018-09-17
Suspended,@AntiFaBelAir,899472555068669952,Antifa Bel Air,,,2017-08-20,2018-01-11
Suspended,@AntifaBitcoin,1266984389591724032,Bitcoin Antifa,,,2020-05-30,2018-08-16
Suspended,@AntifaBoston,834561812607627264,Boston Antifaüåπ,4597,2141,2017-02-21,2020-06-08
Suspended,@antifaboston_,898403119502983168,Boston Antifa,,,2017-08-18,2017-10-20
Suspended,@AntifaBostonUSA,894300389356580864,Boston Antifa,117,36,2017-08-06,2018-01-06
Suspended,@AntifaBranson,46504042,Branson Antifa,,,,2018-11-01
Suspended,@AntifaBuckhead,848300648277868546,BuckHead Antifa,288,107,2017-04-01,2017-07-17
Suspended,@antifabulous1,1052623700225417221,LiterallyShaking,,,2018-10-17,2020-08-10
Suspended,@Antifaca,859534816492093440,Antifa,259,230,2017-05-02,2017-08-28
Suspended,@AntifaCabo,940613263783444481,Cabo San Lucas Antifa,,,2017-12-13,2018-01-25
Suspended,@AntifaCambridge,848373904020312065,,,,2017-04-01,2020-09-12
Suspended,@AntifaCentCom,847983213574225920,AntifaCentralCommand,390,162,2017-03-31,2019-09-05
Suspended,@AntifaCheck,861719023318446080,Antfia Checker,0,1,2017-05-08,2020-06-15
Suspended,@AntifaCHECKUS,879158440395849728,Antifa Legitimacy,,,2017-06-25,2020-06-01
Suspended,@AntifaChicago,849836820942684162,Chicago Antifa,,,2017-04-05,2017-11-04
Suspended,@AntifaCloud,855656246552219648,Antifa Dresden,68,125,2017-04-22,2019-04-14
Suspended,@AntifaCommunity,843891448915398658,MicroJesusMagic‚Ñ¢,,,2017-03-20,2017-05-14
Suspended,@AntifaComrade,903349847738257408,Comrade Antifa,,,2017-08-31,2017-09-17
Suspended,@AntifaComrade,903349847738257408,,,,,2017-08-31
Suspended,@AntifaDavos,848237023039283200,AFA_Davos,163,713,2017-04-01,2017-04-29
Suspended,@AntifaDelMar,858174128150388736,ANITFADelMar,,,2017-04-28,2017-04-29
Suspended,@AntifaDenver,849058824266936320,Shire LaBoof,18,7,2017-04-03,2020-10-04
Suspended,@AntifaDetroit,914309969436119040,Detroit ANTIFA,,,2017-10-01,2017-10-07
Suspended,@ANTIFADRAGQUEEN,1211014150643568640,Antifa Drag Queen,7,,2019-12-29,2020-11-24
Suspended,@AntifaDreiReich,857616021108207616,Antifa Reichstag,,,2017-04-27,2017-04-27
Suspended,@AntifaEagleford,865030358680522752,ANTIFA Everywhere,111,279,2017-05-18,2019-09-27
Suspended,@antifaedmonton,847970457026416641,Antifa Edmonton,357,167,2017-03-31,2017-05-29
Suspended,@AntiFaFails,854018002559410178,üî•United We Riseüêªüá∫üá∏üá®üá¶,,,2017-04-17,2020-06-18
Suspended,@AntifaForYou,848143645408727047,Antifa Norge,229,90,2017-04-01,2017-09-08
Suspended,@AntifaFranklin,1030264962558648321,2020 Election Healing & Reconciliation Bot,,,2018-08-16,2020-11-20
Suspended,@AntifaFree,899078999472787457,110% Free Speech Antifa ‚úò,153,635,2017-08-19,2020-12-16
Suspended,@AntifaGlobal,882045980530671616,Antifa,,,2017-07-03,2018-06-02
Suspended,@AntifaGTA,848421539771027456,Toronto Antifa,391,472,2017-04-02,2019-10-23
Suspended,@AntiFAH0llyw00d,881098553195601920,Antifa Hollywood,,,2017-06-29,2018-01-15
Suspended,@AntifaHamptons,777196689652232192,"Antifa Hamptons, NY",347,1174,,2021-01-29
Suspended,@AntifaHarpenden,854247876893057024,RED ACTION,61,259,2017-04-17,2017-04-23
Suspended,@AntifaHo,997773471001309190,@AbsolutelyFab11,,,2018-05-17,2018-06-10
Suspended,@AntifaHo2,1007658838424735744,Tinder Slut Antifa üè¥,,,,2018-07-18
Suspended,@AntifaHole,1217236702173057026,Not Jackson Hole Antif,,,2020-01-15,2020-01-27
Suspended,@AntifaHole2,1211797285455032320,Antifa of Jackson Hole,,,2019-12-31,2020-01-02
Suspended,@AntifaHole23,1418768151706284035,Jackson Hole Antifa,136,,2021-07-23,2021-10-01
Suspended,@antifahole24,1422608516649455616,Jackson Hole Antifa,13,,2021-08-03,2021-10-05
Suspended,@AntifaHole27,1446316449597902850,Jackson Hole Antifa,91,,2021-10-08,2021-11-04
Suspended,@AntifaHole29,1457717140442816517,Jackson Hole Antifa,,,2021-11-08,2021-11-08
Suspended,@AntifaHole4,1219130611887153155,Antifa of Jackson Hole,,,2020-01-20,2020-06-10
Suspended,@AntifaHole43,1473765774800134146,Jackson Hole Antifa,83,,2021-12-22,2022-01-10
Suspended,@AntifaHole49,1478195591125606403,Jacksn Hole Antifa,49,,2022-01-03,2022-01-25
Suspended,@AntifaHollywood,849869409069842432,Antifa Hollywood,,,2017-04-05,2018-07-26
Suspended,@AntifaHonolulus,913539061146558465,‚ùåFactFinder‚ùå,,,2017-09-28,2018-08-15
Suspended,@antifahotline,2886595444,Antifa Hotline,,,,2019-10-06
Suspended,@AntifaHouston,856523968555216897,Houston Antifa,,,2017-04-23,2019-07-31
Suspended,@AntifaIN,885265724163457026,Antifa Indy,,,2017-07-12,2020-09-12
Suspended,@AntifaJackson,859634322369916928,NEVERLAND ANTIFA,213,1556,2017-05-04,2018-02-13
Suspended,@AntifaJackson10,1103644907179110401,NEVERLAND ANTIFA,,,2019-03-07,2019-03-09
Suspended,@antifajackson11,1109251660214263808,NEVERLAND ANTIFA,,,2019-03-22,2019-06-26
Suspended,@antifajackson12,1147298711564779522,NEVERLAND ANTIFA,,,2019-07-05,2019-07-27
Suspended,@AntifaJackson13,1156094425719660544,NEVERLAND ANTIFA,165,,2019-07-31,2019-11-05
Suspended,@AntifaJackson2,967909935529967616,NEVERLAND ANTIFA,,,2018-02-25,2018-03-21
Suspended,@AntifaJackson3,997268372155875330,NEVERLAND ANTIFA,,,2018-05-17,2018-05-29
Suspended,@AntifaJackson4,1001543659555192832,NEVERLAND ANTIFA,,,,2018-08-01
Suspended,@AntifaJackson5,1006225190500499457,NEVERLAND ANTIFA,,,,2018-08-02
Suspended,@AntifaJackson6,1027657607257841664,NEVERLAND ANTIFA,,,2018-08-09,2018-09-12
Suspended,@AntifaJackson8,1030340891838271488,NEVERLAND ANTIFA,,,2018-08-16,2019-03-04
Suspended,@AntifaJackson9,1042267471820972033,NEVERLAND ANTIFA,,,2018-09-18,2019-03-06
Suspended,@AntifaJessica,922415411840389120,Jessica Antifa,,,2017-10-21,2018-01-27
Suspended,@AntifaKekistan,866039154005684224,Antifa Kekistan,,,2017-05-19,2017-05-20
Suspended,@AntifaKern,848053471731253248,AntifaKern,434,260,2017-03-31,2017-07-31
Suspended,@antifaleader,870579208443002881,Antifa Leader,,,2017-06-01,2017-06-22
Suspended,@Antifalosangele,879636787563331584,ANTI-FASCIST_L.A.,,,2017-06-26,2017-07-12
Suspended,@AntifaMelbourne,932461086271516672,Antifa Melbourne,,,2017-11-19,2018-11-16
Suspended,@ANTIFAmerikkk,1203824977016840193,ANTIFA,,,2019-12-09,2019-12-11
Suspended,@AntifaMidwest,847675510926622723,Midwest Antifa üåäüåπ,2227,1735,2017-03-30,2019-10-24
Suspended,@AntifaMons,932380684789911552,White House Antifa ‚ò≠ ‚öë ‚ò™ ‚òÆ,,,2017-11-19,2018-10-30
Suspended,@AntifaMorehead,886301489282465792,"Morehead,NB Antifa",,,2017-07-14,2017-07-22
Suspended,@AntifaMussolini,874997883568873474,Antifa Mussolini,,,2017-06-12,2017-08-20
Suspended,@AntifaNantucket,952274270842966021,AntifaNantucket,,,2018-05-24,2020-09-06
Suspended,@antifanashville,850705664305487872,AntifaNashville üè¥,55,20,2017-04-08,2020-12-25
Suspended,@AntifaOakville,904806276051423237,,,,,2017-09-16
Suspended,@ANTIFAOfAmerica,1198702207870234624,ANTIFA Amerikkk,,,2019-11-24,2019-11-27
Suspended,@AntifaOfficial,861262298660298752,Antifa,200,4463,2017-05-07,2017-09-25
Suspended,@AntifaOfJackson,1489653888391262215,Antifa Of Jackson Hole,,,2022-02-04,2022-06-05
Suspended,@ANTIFAphilly,846286971735621633,ANTIFA Philadelphia,156,62,2017-03-27,2018-08-06
Suspended,@AntiFaPhoenix,848013886145961984,ScottsdaleAntiFa,362,320,2017-03-31,2019-09-05
Suspended,@AntifaPortIand,1283196613322608640,‚ò≠ Antifa Portland ‚ò≠,1242,49,2020-07-15,2020-09-03
Suspended,@AntiFaPR,897482931257692162,Official AntiFa PR,,,2017-08-14,2018-11-07
Suspended,@AntifaPress,841265713130176514,Antifa Pressüåπ,125,74,2017-03-02,2017-09-25
Suspended,@antifarichmond,1219032824092577792,Richmond ANTIFA ‚ò≠,,,2020-01-20,2020-01-20
Suspended,@AntifaRiver,966410378736537601,River City Antifa,,,2018-02-20,2019-12-23
Suspended,@Antifarulez1,1164307332869832711,Antifarulez,,,2019-08-22,2019-09-07
Suspended,@AntifaSac,883140987345874944,Antifa Sacramento,,,2017-07-06,2020-12-05
Suspended,@AntifaSahara,855878679834046469,Antifa Sahara,235,77,2017-04-22,2017-04-30
Suspended,@AntifaSaItLake,863439245704175617,Salt Lake Antifa,315,4578,2017-05-12,2019-08-20
Suspended,@Antifascist19,900556562607087616,Johnathan Rogers,13,12,2017-08-23,2019-08-27
Suspended,@AntiFashAct,1178662426335559681,‚ò≠ ANTIFA Action of America ‚ò≠,,,2019-09-30,2019-10-04
Suspended,@AntifaShatner,1020080264435904516,‚ùå Black Lez Antifa ‚öíü•Ñüíâ,,,2018-07-19,2018-08-02
Suspended,@Antifasistisk,4437180073,Antifa Warrior,,,,2017-05-30
Suspended,@AntifaSoCal,848420004290625539,ANTIFA-LOS ANGELES,,,2017-04-02,2017-04-22
Suspended,@AntifaSouth,879728950422982658,Antifa South Florida,,,2017-06-27,2019-02-02
Suspended,@AntifaSpokane,873754644903641089,,,,,2018-11-09
Suspended,@AntifaStockton,941689547691237376,Stockton Antifa,,,2017-12-15,2017-12-21
Suspended,@AntifaSydney,900190190433558528,Sydney Antifa,,,2017-08-21,2020-01-30
Suspended,@AntifaVillage,1028201152007950336,Westlake Village Antifa,,,2018-08-11,2018-08-11
Suspended,@AntifaWinnipeg,930663759751852032,Winnipeg Antifa,,,2017-11-14,2018-01-26
Suspended,@ANTlFACHECKER,848574024258998272,Antifa CHECKer,199,471,2017-04-02,2018-01-28
Suspended,@AofAntifa,1084535057568608256,AofAntifa,,,2019-01-01,2019-01-16
Suspended,@Arizona_Antifa,828855385591123968,Grand Canyon Antifa,,,2017-02-05,2018-12-31
Suspended,@ArmThePoor83,99467650,,,,,2021-05-06
Suspended,@ArmyAntifa,954344158113644544,‚ò≠ I.E.ANTIFA ‚ò≠,,,2018-01-19,2018-01-26
Suspended,@AscotAntifa,853891309375037441,Ascot Antifa ‚ú°Ô∏è‚ò™Ô∏è üìé,144,564,2017-04-16,2017-05-30
Suspended,@AskAntifa,847732222446542848,Ask Antifa,48,143,2017-03-31,2019-04-28
Suspended,@AtlantaAntifa,849279726472617984,Atlanta ANTIFA,465,313,2017-04-03,2017-09-19
Suspended,@AustinAntifa,847659164708913153,AustinAntifa,562,273,2017-03-30,2020-10-02
Suspended,@Baghdad_Antifa,865936712614203393,,,,,2017-07-27
Suspended,@BallengerAntifa,861993214265393152,BallengerCreekAntifa,,,2017-05-09,2018-01-18
Suspended,@BarrowAntifa,848344916472115200,Barrow Antifa‚ò≠‚í∂üá∞üáµ,585,595,2017-04-01,2018-05-05
Suspended,@baycityvince,927978051601944576,BRONY ANTIFA,,,2017-11-08,2017-11-29
Suspended,@BBAntifascists,909592904598921216,Black Bloc Antifa,,,2017-09-17,2018-01-16
Suspended,@BelAirAntifa,854850591402713088,Bel Air Antifa ‚úä,621,802,2017-04-20,2017-10-01
Suspended,@BelfastAntifa,873556752566030336,Belfast Antifa üè¥,89,656,2017-06-10,2017-07-11
Suspended,@Berkeleyantifa1,904772755345752066,,,,,2018-01-16
Suspended,@BeverlyHillsSoc,986645874674552833,BeverlyHillsDSA,,,2018-04-17,2018-04-25
Suspended,@BevHillsAntifa,847356759270277125,Beverly Hills Antifa,21900,1562,2017-03-30,2020-06-13
Suspended,@bevhillsantifa2,954384632740376576,Beverly Hills Antifa,,,2018-01-19,2018-02-10
Suspended,@BevHillsAntifa3,965020000451944449,Beverly Hills Antifa,,,2018-02-16,2020-09-06
Suspended,@BevHillsAntifa5,967048458765873152,Beverly Hills Antifa,,,2018-02-23,2018-04-03
Suspended,@BevHillsAntifa7,982863405861060609,Beverly Hills Antifa,,,2018-04-07,2018-09-17
Suspended,@BevHillsAntifa8,1054441359308816384,Beverly Hills Antifa,,,2018-10-22,2018-10-26
Suspended,@bevhillsantifa9,1055457608356716544,Beverly Hills Antifa,,,2018-10-24,2018-10-28
Suspended,@BirdvilleAntifa,864173547714990080,BISD Antifa,,,2017-05-15,2017-05-15
Suspended,@Black_Antifa,851550846735331330,Black Antifa,85,61,2017-04-11,2017-04-21
Suspended,@BlankeneseAA,853302116252864512,Blankenese Antifa,,,2017-04-15,2020-01-22
Suspended,@BMarshAntifa,902258888971509761,Beaver Marsh Antifa,,,2017-08-28,2017-09-14
Suspended,@BobRossAntifa,1145601060,Bob 'Christmas Tree' Ross,,,,2018-12-02
Suspended,@Boise_Antifa,902416453139234816,Boise Antifa,,,2017-08-28,2018-10-06
Suspended,@BollywoodAntifa,904229658073464834,Bollywood Antifa,,,2017-09-02,2017-09-25
Suspended,@BostnAntiAntifa,845754565999972354,Boston ANTI-ANTIFA,51,80,2017-03-26,2017-11-17
Suspended,@BostonBikers,1016415800801071107,Dustin Levitt,,,2018-07-07,2020-08-21
Suspended,@BostonBobAntifa,938456024993992705,Boston Bob Antifa,,,2017-12-04,2018-09-28
Suspended,@bostownantifa,861818257321455617,North Shore Antifa,279,602,2017-05-08,2017-12-09
Suspended,@BoulderCOAntifa,854141744555806721,BoulderCOAntifa,,,2017-04-17,2017-04-22
Suspended,@BrooklynANTIFA,856319643362971648,Brooklyn ANTIFA,,,2017-04-23,2017-08-31
Suspended,@brunswickantifa,902860254303674369,Golden Isles AntiFa,,,2017-08-30,2017-08-30
Suspended,@Burnt250,971225409332305921,The Day Waits,,,2018-03-06,2018-11-04
Suspended,@BushwickAntifa,855615260467900416,Bushwick Antifa,107,64,2017-04-22,2017-06-10
Suspended,@cabo_antifa,1070348929416359937,Cabo San Lucas Antifa,,,2018-12-04,2019-02-05
Suspended,@cabo_antifa4,980220673913110528,Cabo San Lucas Antifa,,,2018-03-31,2018-08-16
Suspended,@CaboAntifa,967872013044916225,Cabo San Lucas Antifa,,,2018-02-25,2018-03-22
Suspended,@CaliAntifa,855128849423765504,California Antifa üåπ,549,8370,2017-04-20,2018-01-29
Suspended,@CatalinaAntifa,903442602904641536,Catalina Antifa,,,2017-08-31,2017-09-26
Suspended,@CdnISISFighter,864814869526310912,Returning,36,467,2017-05-17,2017-11-28
Suspended,@CelebrityAntifa,859165976423747587,Celebrity Antifa,80,45,2017-05-01,2017-05-01
Suspended,@CFA_NAmerica,1248073898412793858,Chick-fil-A,,,2020-04-09,2020-04-17
Suspended,@chaz_jackson17,1271473839965302784,ANGEL OF NEVERLAND,,,2020-06-12,2020-09-10
Suspended,@ChickinFilAUS,1217201583034732546,,,,2020-01-15,2020-01-19
Suspended,@CincyANTIFA,854602334193766400,Cincinnati ANTIFA,,,2017-04-19,2020-06-14
Suspended,@clairecmck,847863014200135681,Claire McCaskill,,,2017-03-31,2018-07-28
Suspended,@CoastalAntifa,922469230339149826,BasedBoredom,,,2017-10-21,2018-01-29
Suspended,@CompedToResist,968795887626579968,Mandalay Bay Antifa ‚ò≠‚úä,,,2018-02-26,2018-03-09
Suspended,@Constifa,929151418329649153,Constifa,,,2017-11-10,2020-06-16
Suspended,@crac_center,880772838482780160,C.R.A.C.C.,,,2017-06-29,2017-09-16
Suspended,@CUCKEDANTIFA,1222803533747060736,ANTIFA of GREATER ATLANTA,,,2020-01-30,2020-02-05
Suspended,@CWBAntifa,848630478924128256,ClearwaterFlAntifaüåπ,657,3926,2017-04-02,2019-02-19
Suspended,@DarrellMerrell,862717958174515201,#RefugeesWelcomeüçÖ,,,2017-05-11,2017-12-21
Suspended,@Dc_protests,910673270361481217,Dc protest,,,2017-09-20,2017-09-28
Suspended,@DeeznutsAntifa,985306649488510976,DeezNuts Antifa,,,2018-04-14,2018-05-30
Suspended,@DemSocAss,991478895839924225,üåπOfficialDSAüåπ,,,2018-04-30,2018-05-08
Suspended,@DickFuentes_,879537891541745664,Dick Fuentes,,,2017-06-26,2018-01-10
Suspended,@diogenerous,906205660672663553,Deputy Diogenes,,,2017-09-06,2021-03-01
Suspended,@DoggoRighto,885360095944691712,,,,,2017-11-30
Suspended,@DrJinx2,1164774877074608129,Dr. Jinx,,,2019-08-23,2019-08-30
Suspended,@DrJinx3,1177025845107412992,Dr Jinx,,,2019-09-26,2019-12-14
Suspended,@Dustin27Antifa,850078397422198784,Dustin 28,383,213,2017-04-05,2019-11-17
Suspended,@East_Stl_Antifa,920819446557696000,East Stl Antifa,,,,2017-11-14
Suspended,@EastDetAntiFa,849659695862353920,East Detroit Anti-Fa,120,27,2017-04-04,2019-09-05
Suspended,@EndorAntifa,854430136778862594,Endor Antifa,135,58,2017-04-17,2017-04-21
Suspended,@EricWebsite,900058631160320000,Eric Clapton,,,,2017-10-04
Suspended,@eugene_antifa,858155175139090432,Eugene Antifa,,,2017-04-28,2019-06-13
Suspended,@Exit7aAntifa,804910172934205440,Garden State Antifa,,,,2019-01-11
Suspended,@exquisite_ghost,961072719763619840,Deine F√ºhrerin Tulpe von L√§rpSecüå∑AnonHunterHunter,,,2018-02-05,2018-03-13
Suspended,@FacelessRonin,855826472145178624,Faceless Ronin ‚ùÅ,500,125,2017-04-22,2018-04-14
Suspended,@FashyHannah,920959058995113985,Fashy Hannah,,,2017-10-18,2019-08-11
Suspended,@FcBarcaAntifa,902638758989893632,FC Barca Antifa,,,2017-08-29,2017-11-04
Suspended,@FifthAveAntiFa,847967575283728385,Fifth Avenue Antifa,2140,1088,2017-03-31,2017-10-18
Suspended,@FoxNewsCh,1165000400791048194,Fox News Channel,,,2019-08-23,2019-08-26
Suspended,@FuckAntifaNinja,1067183238513389568,Fuck Antifa Ninja,,,2018-11-26,2018-11-27
Suspended,@FuhrerinTulip,987484464438628352,Innocuous Tulip üëÄüå∑#LarpSec‚òÑüí•OpWolverinesüí•,,,2018-04-20,2018-06-02
Suspended,@FW_Antifa,884798137835106304,Fort Worth Antifa,,,2017-07-10,2017-07-12
Suspended,@GeosMovements,372390458,NPC GeoMovements parody,,,,2018-10-07
Suspended,@GitmoAntifa,904381809558999040,Gitmo Antifa,,,2017-09-02,2017-09-19
Suspended,@GoatFishAntifa,1162262225165287424,Austin Nmeba,37,,2019-08-16,2020-01-01
Suspended,@goatseAntifa,902971159209062401,,,,,2017-09-04
Suspended,@GreenwichAntiFa,847987449712312325,Greenwich AntiFa,1239,1887,2017-03-31,2020-04-04
Suspended,@GulfportAntfita,848710129851781125,The REAL Debbie Lynn,499,760,2017-04-02,2017-12-24
Suspended,@HairyAntifaGirl,854810311144218626,HairyAntifaGirl,91,257,2017-04-19,2017-08-16
Suspended,@HernandoAntifa,849086159250739202,Spring Hill Antifa,106,20,2017-04-03,2017-09-04
Suspended,@HHAntifa,1252965943,Hilton Head Antifa,332,141,,2019-09-05
Suspended,@Hillary_PAC,910341574428471296,Hillary Clinton PAC,,,2017-09-19,2018-05-05
Suspended,@HillsAntifa,1150131830148018179,Beverly Hills Antifa,,,2019-07-13,2020-11-29
Suspended,@HogItFgt,1082675175584354304,let bob be,,,2019-01-08,2019-12-27
Suspended,@HoleAntifa,1286710058261323776,Definetly NOT Jackson Hole Antifa,298,,2020-07-25,2020-08-19
Suspended,@HoleAntifa1,1088174231748337676,,,,2019-01-22,2019-12-29
Suspended,@hollywoodantifa,781488608590991360,Hollywood Antifa,351,724,,2018-09-27
Suspended,@HomeDepotUS,1143503449981685761,,,,2019-06-25,2019-07-09
Suspended,@HonestNodeMode,1295734882644131841,Jackson Hole Antifa,88,,2020-08-18,2021-05-22
Suspended,@HornyANTIFA,959638707031621632,Horny Antifa,,,2018-02-01,2019-04-26
Suspended,@Houston_Antifa,847645493052162049,Houston Antifa,,,2017-03-30,2020-04-01
Suspended,@HportAntifa,971544312340238337,Hyannisport Antifa,,,2018-03-06,2018-03-06
Suspended,@hunterantifa,1028376814899679232,Patriot1975,,,2018-08-11,2018-09-02
Suspended,@Iam_metoo,123343920,Disabled Antifa ( seizure Guy Person),,,,2018-01-31
Suspended,@IdahoAntifa,849149534361968640,Idaho Antifa,644,135,2017-04-03,2020-06-02
Suspended,@IE_ANTIFA,903779702573219840,‚ò≠ I.E.ANTIFA ‚ò≠,,,2017-09-01,2018-01-13
Suspended,@IE_ANTIFA3,459246874,‚ò≠I.E. ANTIFA‚ò≠,,,,2018-04-01
Suspended,@iE_ANTIFA6,998324722155712512,IE ANTIFA,,,2018-05-18,2018-06-17
Suspended,@IE_PPact,3024892385,Planned Parenthood Action,,,,2018-04-17
Suspended,@IE_PPACT2,986656049527533573,Planned Parenthood Action,,,2018-04-18,2018-11-09
Suspended,@IE_PPACT3,1013925233726652418,Planned Parenthood Action üëºüèº,,,2018-07-02,2018-08-11
Suspended,@IePeta,987082795368394753,ùôãùìÆùôèùòº,,,2018-04-20,2018-09-07
Suspended,@IePeTA2,1026981682237198336,ùôãùëíùôèùòºüêæ,,,2018-08-07,2018-08-23
Suspended,@IePeTA4,1013912818024792064,ùôãùëíùôèùòºüêæ,,,2018-07-02,2018-08-11
Suspended,@IeProudBoys,1018253236828962816,The Proud Boysüëäüèª,,,2018-07-13,2018-07-20
Suspended,@Imperfect10n,703343282387095553,I am Kyle Rittenhouse,,,,2020-10-15
Suspended,@inglebert7,241881067,,,,,2019-10-12
Suspended,@IronicANTIFA,900898004672098304,Ironic ANTIFA,,,2017-08-24,2017-12-29
Suspended,@irosensteinberg,1152696064287358977,Ish,,,2019-07-20,2019-08-03
Suspended,@JacksonHelpful,1397322508907524098,Jackson Helpful Always,,,2021-05-25,2021-05-26
Suspended,@JacksonInstitu2,1519502465082798081,jackson Hole Antifa,32,,2022-04-27,2022-04-29
Suspended,@JacksonOfWY,1461753210079694849,Jackson Hole Antifa,4,,2021-11-19,2021-11-19
Suspended,@JaxAntifa,864841293339512832,Jacksonville Antifa,209,4,2017-05-17,2017-09-09
Suspended,@JewAntifa,905668266940440577,Jewish Antifa,,,2017-09-06,2017-12-31
Suspended,@JHA_of_WY,1295776251207200769,just ‚ÄúJackson‚Äù,139,,2020-08-19,2021-02-18
Suspended,@JHA_of_Wyoming,1491518873455190021,Jackson Hole Antifa,37,,2022-02-09,2022-04-25
Suspended,@JHAofWY,1378475917060751361,Jackson Hole Antifa,122,,2021-04-03,2021-05-22
Suspended,@JimRustle10,996083964841480193,Venezuela Antifa,,,2018-05-13,2018-05-14
Suspended,@JoinAntifaNow,1166186630861840384,Join Antifa,,,2019-08-27,2019-08-28
Suspended,@KekistanAntifa1,30458840,Essential Feck ‚ù§Ô∏ès MTG,1971,8329,,2021-01-30
Suspended,@KentuckyCommune,905983281283432448,Kentucky Communists,,,2017-09-06,2019-02-01
Suspended,@KeyWestAntifa,847981406991114241,Key West Antifa,1365,676,2017-03-31,2020-11-13
Suspended,@Khapaman,847645669867126788,,,,,2017-04-02
Suspended,@KingAntifa1,903084194829565953,JazzLover,13,226,2017-08-30,2020-05-06
Suspended,@KingNiggardly,953035732230311936,Larry Larry,,,2018-05-24,2018-07-31
Suspended,@KKKAntifa,870035611436056576,KKK Antifa,75,119,2017-05-30,2017-09-22
Suspended,@ksamishu,1048245788386705408,Gritty Squad,,,2018-10-05,2018-12-06
Suspended,@KweenAntifa,900817808216518656,Riot,,,2017-08-24,2017-09-19
Suspended,@LA16_AntiFa,855237562717224961,Black Star AntiFaüè¥,,,2017-04-21,2017-11-08
Suspended,@LAdaveAntifa,900910877272145921,LAdave,,,2017-08-24,2017-08-24
Suspended,@ladueantifa,912752515187396608,Ladue Antifa,,,2017-09-25,2017-11-10
Suspended,@LagAntifa,1047885728401768448,Ammon Bundy,,,2018-10-03,2018-11-21
Suspended,@LagBeach10,966703172650766337,Laguna Beach Antifa,,,2018-02-22,2018-04-25
Suspended,@LagBeach11,989509892703768581,Laguna Beach Antifa,,,2018-04-25,2018-11-09
Suspended,@LagBeachAntifa,847618730485927937,Laguna Beach Antifa‚Äè,,,2017-03-30,2017-08-19
Suspended,@LagBeachAntifa4,900504494835879936,Laguna Beach Antifa,,,2017-08-22,2017-11-01
Suspended,@LagBeachAntifa5,925548176945250304,Laguna Beach Antifa,,,2017-11-01,2018-02-01
Suspended,@LagBeachAntifa7,946545904034697216,Laguna Beach Antifa,,,2017-12-29,2018-02-10
Suspended,@LagBeachAntifa9,964330332320358401,Laguna Beach Antifa,,,2018-02-15,2020-09-06
Suspended,@LagBeachBLM2,1001251817630650368,Laguna Beach BLM,,,,2018-08-11
Suspended,@LagBeachBLM3,1022200189946187776,Laguna Beach BLM,,,2018-07-25,2018-07-29
Suspended,@lagunaantifablm,1023547578959491073,Laguna Beach Antifa BLM üè≥Ô∏è‚Äçüåà‚úäüèø‚òªüçâ,,,2018-07-28,2018-09-01
Suspended,@LagunaBeachBLM,998692052287283200,Laguna Beach BLM,,,2018-05-21,2018-05-28
Suspended,@LaJollaAntifa,908546119344447490,La Jolla Antifa,,,2017-09-14,2021-02-01
Suspended,@LD_Allan,1067144398545276928,BOB'0'riest ‚Ä†,,,2018-11-26,2019-06-27
Suspended,@lgd_news,1219304514714390528,It‚Äôs Going Down,,,2020-01-20,2020-01-21
Suspended,@LosAntifa,905157721107738624,Los Angeles Antifa,,,2017-09-05,2017-12-04
Suspended,@LSUAntifa,827401348299624450,LSU ANTIFA,,,2017-02-03,2017-10-21
Suspended,@maantifa,918820153764270081,MAANTIFA,,,2017-10-12,2017-10-13
Suspended,@MAGAtSlayer,996026295132794882,,,,2018-05-13,2020-02-07
Suspended,@MaineAntifa,182563991,Maine Antifa ((MicroD1CK)),4903,4995,,2018-09-03
Suspended,@MalibuAntifa,847900478012665856,Malibu Antifa,2095,604,2017-03-31,2017-12-14
Suspended,@MalibuAntifa1,1057444733662818304,Malibu Antifa,,,2018-10-30,2018-11-08
Suspended,@malohder,4410501136,WavyDavy2350,,,,2017-09-18
Suspended,@MaraIagoantifa,1119277605902012416,Maralago Antifa,,,2019-04-19,2020-06-12
Suspended,@MaraLagoAntifa,847853719484071937,Mar-A-Lago ANTIFA,8971,11512,2017-03-31,2018-03-31
Suspended,@MarkFanPatriot,859578587669819393,Mark üá∫üá∏,309,689,2017-05-03,2018-11-09
Suspended,@MarkQuinton6,1151602756475596806,Mark Quinton,,,2019-07-17,2019-07-19
Suspended,@MaxinePWaters,958381678296215554,"Rep. Maxine P. Waters, FSC/D-CA/FAN",,,2018-01-30,2018-06-08
Suspended,@MaxineVVaters,77012250,Maxine P. Waters,,,,2018-11-09
Suspended,@mcantifa,903386396013891584,,,,,2017-09-04
Suspended,@miami_antifa,859283587077738496,Antifa Miami,153,493,2017-05-01,2017-05-26
Suspended,@milwaukeantifa,899628329996890113,@antifamilwaukee,,,2017-08-21,2019-06-02
Suspended,@MnAntifa,861911859447967745,Antifa Mn,,,2017-05-09,2019-05-02
Suspended,@MPLS_ANTIFA,848280702315581441,ANTIFA Minneapolis,,,2017-04-01,2019-10-10
Suspended,@MtEverestAntifa,906916203016413185,Mt Everest üåπAntifa,92,123,2017-09-10,2017-12-18
Suspended,@muslimantifa,899190442490683392,Muslim Antifa,,,2017-08-19,2017-05-02
Suspended,@N0rthNjAntifa,869646122205286400,NorthNjAntifa,,,2017-05-30,2020-07-28
Suspended,@Nantuckantifa4,967158101811105792,Nantucket Antifa 4,,,2018-02-23,2018-02-23
Suspended,@nantucketantifa,854515109032603648,Nantucket Antifa,508,4132,2017-04-18,2020-09-07
Suspended,@napa_antifa,1088884365856256000,Napa Valley Antifa,,,2019-01-25,2020-02-13
Suspended,@NatSocAntifa,902269246188789760,NatSocAntifa,33,22,2017-08-28,2017-09-29
Suspended,@NaziAntifa,822864222266818561,,,,,2017-09-04
Suspended,@NE_ANTIFA,904748109951115264,New England ANTIFA,,,2017-09-04,2017-09-16
Suspended,@NevadaAntifa,848406182284886016,üá≥evada üá¶ntifa,248,86,2017-04-01,2018-05-10
Suspended,@NflAntifa,912140722588966912,NFL Antifa,,,2017-09-24,2017-11-11
Suspended,@NicoleM75863340,986037559850668035,Agent Red Sparrow,,,2018-04-15,2018-10-05
Suspended,@NOLAntifa,900526485336993792,New Orleans Antifa,90,36,2017-08-23,2017-08-24
Suspended,@NonBinaryAntifa,1010569883719995393,Non Binary Antifaüè¥,,,2018-06-22,2018-08-10
Suspended,@NorthNYAntifa,902977397099831296,Northern NY Antifa,,,2017-08-30,2020-09-12
Suspended,@NotChickFillA,1186364533058596864,Chick-Fil-A ·∂†·µÉ‚Åø,,,2019-10-22,2019-10-21
Suspended,@NoVAntifa,849719355717890049,Northern VA Antifa,318,57,2017-04-05,2020-09-05
Suspended,@NSAntifa,897847668856291328,Antifa Nova Scotia,,,2017-08-16,2020-01-03
Suspended,@OakBrookAntifa,873667228759142402,Oak Brook Antifa ‚úäüèø,,,2017-06-10,2017-06-18
Suspended,@Offical_Antifa,901265358543310848,ANTI FASCIST ACTION,,,2017-08-25,2019-03-01
Suspended,@OfficialAntifa,857321147293151234,Official Antifa,6840,1089,2017-04-25,2019-08-17
Suspended,@ORANGEMANBAD110,994616557421592576,NPC 11111,,,2018-05-07,2018-05-12
Suspended,@PacHtsAntifa,903753419508203520,PacHeights Antifa,,,2017-09-01,2020-10-12
Suspended,@PalisadesAntifa,848037839098986496,Palisades Antifa,496,193,2017-03-31,2020-11-11
Suspended,@pdxantifa1RL,848006006931988480,Portlandia Antifa,303,48,2017-03-31,2019-11-06
Suspended,@PittAntifa,871839632513806336,Pittsburgh Antifa,,,2017-06-06,2018-07-24
Suspended,@PlausibleAntifa,868222639512223744,Plausible Antifa,,,2017-05-25,2017-12-15
Suspended,@POedAntifaMom,848371669231992832,,29,12,2017-04-01,2019-02-07
Suspended,@PoliteAntifa,869259094716063744,Politest Antifascist,,,2017-05-29,2018-01-29
Suspended,@poopooonantifa,3886541534,THE ONE AND ONLY,,,,2021-05-20
Suspended,@portland_antifa,857513696620191744,Portland Antifa,,,2017-04-27,2020-08-06
Suspended,@PortlandAntiFa,904235401895960576,Rose City AntiFa ‚ò≠,,,2017-09-02,2019-11-06
Suspended,@PortlandANTlFA,1165000400791048194,,,,2019-08-23,
Suspended,@PPHood_1488,994790512535261185,Planned Parenthood 1488,,,2018-05-08,2018-07-25
Suspended,@ProAntifa,1211603399629660160,Professional Antifa,,,2019-12-30,2020-04-26
Suspended,@PVAntifa,848625497768468480,Palos Verdes Antifa,151,27,2017-04-02,2018-08-25
Suspended,@PVAntifa2,894735041493970944,Catalina Island Antifa,,,2017-08-07,2018-10-07
Suspended,@PyongyangANTIFA,902693313479933952,Pyongyang ANTIFA üåπ,,,2017-08-29,2017-11-09
Suspended,@QuinnAntifad,891780043520712704,quinn,815,374,2017-07-30,2020-12-20
Suspended,@Radio_Antifa_1,1001356331318743041,RADIO ANTIFA,,,,2018-09-26
Suspended,@RealAntifaSD,938926768332840960,Official San Diego Antifa,,,2017-12-04,2017-12-19
Suspended,@RealEugeneAntif,858850945148604421,Real Eugene Antifa,140,47,2017-04-30,2017-09-07
Suspended,@realidahoantifa,889649876673470466,Antifa IDAHO,,,2017-07-23,2019-03-11
Suspended,@RealPaulNehlen,819770373537406976,Paul Nehlen,1040,1460,,2017-12-28
Suspended,@Recursion_Agent,252409895,A Strange loop,,,,2021-08-21
Suspended,@redbobantifa,1060677324570611712,SLYDYSLEXIC BOB,,,2018-11-08,2018-12-10
Suspended,@RedSquareAntifa,921903733197426689,RedSquareAntifa,,,2017-10-21,2017-11-17
Suspended,@reichstagantifa,830046351807373312,bethanne,390,306,2017-02-11,2017-10-09
Suspended,@ResleevedOne,1473124213053706246,ResleevedOne,32,,2021-12-21,2021-12-21
Suspended,@ReturnsJackson,1408472407187374080,Jackson Returns,28,,2021-06-25,2021-06-25
Suspended,@RichmondANTIFA,1218574323096514562,‚ò≠ Richmond ANTIFA ‚ò≠,,,2020-01-19,2020-01-21
Suspended,@riot_jackson,1266786577507684353,NEVERLAND ANTIFA,,,2020-05-30,2020-06-05
Suspended,@RPersonified,1055979804997107712,"Resistance ""R"" Personified ‚ìã",,,2018-10-26,2020-07-01
Suspended,@RubyRidgeAntifa,894304515054239744,Ruby Ridge Antifa,196,597,2017-08-06,2017-10-04
Suspended,@RussianAntifa,877020439935148032,Vlad's Muh Dad,,,2017-06-19,
Suspended,@RVAvvonk,921217603887972353,Caroline O.,,,2017-10-18,2018-01-28
Suspended,@saltlakeantifa,855498940514418688,Salt Lake Antifa,,,2017-04-21,2019-12-19
Suspended,@san_antifa,1017150047329193984,Cabo San Lucas Antifa,,,2018-07-11,2018-08-13
Suspended,@santafeantifa,899133550804348928,Santa Fe ANTIFA,,,2017-08-19,2017-09-02
Suspended,@SaysJha,1396881777843650560,JHASaysSharniIsACunt,,,2021-05-24,2021-05-20
Suspended,@ScarsdaleAntifa,847678252038541312,Scarsdale Antifa,1614,114,2017-03-30,2020-09-17
Suspended,@seacows_,3240998492,Elon Musk,,,,2018-08-16
Suspended,@sHILLBERG2132,576781038,vVv,,,,2021-02-05
Suspended,@ShitholeAntifa,932231170372358145,Shithole ANTIFA,,,2017-11-19,2017-12-22
Suspended,@Shlomojuice,819242596572610560,Moms Basement Antifa,,,,2019-09-05
Suspended,@SLCUTAntifa,766675081577635841,Salt Lake Antifa,,,2016-08-19,2017-11-14
Suspended,@SmashRacismDC,787488067,Smash Racism DC,,,,2019-08-16
Suspended,@SmashRacismDC_,996026295132794882,Smash Racism DC,,,2018-05-13,2019-09-03
Suspended,@SmashRacismMC,848742108034850816,Smash Racism ESC,790,410,2017-04-02,2018-11-16
Suspended,@Snopes__,893214285547130880,Snoopes.Com ‚ö™,196,2714,2017-08-01,2020-03-24
Suspended,@SolonAntifa,892579816951730176,SolonAntifa,,,2017-07-31,2017-11-02
Suspended,@Soros_Antifa,4725731773,Soros Antifa,,,,2018-08-16
Suspended,@SorosAntifa,925275426058113024,Soros & Antifa Exposed,,,2017-10-31,2019-08-03
Suspended,@StfxAntiFa,909886265742577664,StFX AntiFa,,,2017-09-18,
Suspended,@StKatAntifa,848585955657347072,St Kat's Dock Antifa,502,152,2017-04-02,2017-04-17
Suspended,@stockportAntifa,903257734405132289,,,,,2017-09-04
Suspended,@TedVaczynski,1079964066314051585,Ted Vaczynski,,,2019-01-01,2019-01-10
Suspended,@TexarkanaAntifa,848302218633543680,,108,3,2017-04-01,2017-05-15
Suspended,@THEBLACKBANNON,908363242279333888,Slut Maker,,,2017-09-13,2018-07-14
Suspended,@Tiburon_Antifa,849735492459311104,Tiburon Antifa,550,332,2017-04-05,2017-10-19
Suspended,@TokyoAntifa,931092741605548032,Tokyo Antifa,,,2017-11-16,2017-11-16
Suspended,@Trishp0147,862687759881957376,The Black Widow Nantucket,,,2017-05-10,2021-01-30
Suspended,@TriStateAntiFa,869895177200173057,Tri-State AntiFa,,,2017-05-30,2017-06-03
Suspended,@TucsonAntifa1,894953008659701760,Black Student,,,2017-08-08,2020-05-02
Suspended,@UES_Antifa,848227845621108736,Woketifa,223,441,2017-04-01,2018-01-31
Suspended,@UnmaskAntifa,909401903586570240,Unmask Antifa,,,2017-09-15,2017-09-24
Suspended,@UpperEastAntifa,848126853546033153,UpperEastSideAntifa,297,367,2017-04-01,2019-04-28
Suspended,@UptownAntifa,902145406984794114,Uptown Antifa,,,2017-08-27,2017-10-20
Suspended,@us_antifa,1268228900934451200,angel of death,,,2020-06-04,2021-02-25
Suspended,@UsOnlineSupport,1064673919976660992,Customer Support,,,2018-11-19,2018-12-09
Suspended,@VacavilleAntifa,847804409044099074,Vacaville Antifa,1253,7179,2017-03-31,2018-01-31
Suspended,@VaticanAntifa,587522066,Vatican City Antifa,245,664,,2017-11-14
Suspended,@VenturaAntifa,848009443094667264,Ventura Co Antifa,270,21,2017-03-31,2018-01-11
Suspended,@VermontAntifa,879102019000311809,Vermont Antifa üåπ,441,4358,2017-06-24,2017-09-29
Suspended,@VineyardAntifa,761792840167022592,MarthasVinyardAntifa,895,605,2016-08-05,2017-09-01
Suspended,@Wa_Antifa,866874705298444288,Washington Antifa,27,0,2017-05-20,2017-08-25
Suspended,@WallStreetAntfa,1015414351338057728,Wall Street Antifa,,,2018-07-06,2018-07-22
Suspended,@wallstretantifa,889671039185235969,Wall Street üåπ,,,2017-07-24,2017-11-15
Suspended,@walstreetAntifa,859242179612495872,Wall Street Antifaüåπ,823,2771,2017-05-01,2017-09-17
Suspended,@WashoeANTIFA,851624162472869888,North Nevada ANTIFA,570,820,2017-04-12,2017-10-19
Suspended,@WeSmashFash,834597469207924736,WSF - Boston Chapter,,,2017-02-21,2017-05-17
Suspended,@WestTexasAntifa,862401089911615489,mehhhhhhhhhh,145,1154,2017-05-10,2019-09-05
Suspended,@WhovilleAntifa,901881696018149376,Whoville Antifa,112,167,2017-08-26,2019-04-28
Suspended,@WiccanAntifa,904510218951770112,Wiccan Antifa,,,2017-09-04,2017-12-22
Suspended,@WisconsinAntifa,901040296921899008,WisconsinAntifa,,,2017-08-24,2017-10-09
Suspended,@WY_307_699_4883,1270499877911478272,Antifa of The Jackson Hole,127,,2020-06-10,2020-08-17
Suspended,@Yemen_TV_News,1068365303380291584,,,,2018-11-29,2020-08-20
Suspended,@yespigeons,946204935485452289,gabbaghoul,,,2017-12-27,2022-07-04
Suspended,@YorkvilleAntifa,849282441630146561,Yorkville Antifa,36,14,2017-04-03,2017-05-17
Suspended,@EyeDKFA,392704824,,,,,2020-05-30
Suspended,@WolftrapAF,963657463399632898,,,,2018-02-14,2018-08-27
Suspended,@zigzaglucyring,1328857860793483264,,,,2020-11-17,
Suspended - Name Changed,@ANTIFA_America,1248073898412793858,,,,2020-04-09,
Suspended - Name Changed,@GThexth,1010569883719995393,,,,2018-06-22,
Suspended - Name Changed,@__JHA_of_WY__,1295734882644131841,,,,2020-08-18,
Suspended - Name Changed,@__Snopes__,893214285547130880,,,,2017-08-01,
Suspended - Name Changed,@_Ymtise,1060677324570611712,,,,2018-11-08,
Suspended - Name Changed,@0fuxgiven0,31046750,,,,,2017-10-28
Suspended - Name Changed,@1080skibunny,46504042,,,,,
Suspended - Name Changed,@A_ShockedMonkey,893214285547130880,,,,2017-08-01,
Suspended - Name Changed,@AgawamAntifa,1001356331318743041,,,,,
Suspended - Name Changed,@Alex_s_Ashes,938456024993992705,,,,2017-12-04,
Suspended - Name Changed,@AlexNmeba,1162262225165287424,,,,2019-08-16,
Suspended - Name Changed,@Alexs_Ashes,938456024993992705,,,,2017-12-04,
Suspended - Name Changed,@AmmonBundyRanch,946545904034697216,,,,2017-12-29,
Suspended - Name Changed,@AnthonyVVeiner,77012250,,,,,
Suspended - Name Changed,@antifa_hamptons,920959058995113985,,,,2017-10-18,
Suspended - Name Changed,@antifa_san,1177990115018317825,,,,2019-09-26,
Suspended - Name Changed,@AntifaHQ,3240998492,,,,,
Suspended - Name Changed,@AntifaManhattan,910673270361481217,,,,2017-09-20,
Suspended - Name Changed,@AntifaofTheHole,1270499877911478272,,,,2020-06-10,
Suspended - Name Changed,@AntifaPatton,994616557421592576,,,,2018-05-07,
Suspended - Name Changed,@AntifaPD,855826472145178624,,,,2017-04-22,
Suspended - Name Changed,@AntifaSaltLake,863439245704175617,,,,2017-05-12,
Suspended - Name Changed,@antifashUS,1186364533058596864,,,,2019-10-22,
Suspended - Name Changed,@AntifaVacaville,848574024258998272,,,,2017-04-02,
Suspended - Name Changed,@ArizonaAntifa,828855385591123968,,,,2017-02-05,
Suspended - Name Changed,@ArmedAtrani,99467650,,,,,
Suspended - Name Changed,@AScarramucci,819770373537406976,,,,,
Suspended - Name Changed,@AsherahResearch,252409895,,,,,
Suspended - Name Changed,@AtheistSavant,953035732230311936,,,,2018-05-24,
Suspended - Name Changed,@BadGuyVince,77012250,,,,,
Suspended - Name Changed,@BBAntifacists,909592904598921216,,,,2017-09-17,
Suspended - Name Changed,@BeachAntifa,946204935485452289,,,,2017-12-27,
Suspended - Name Changed,@bidenisaliar,946204935485452289,,,,2017-12-27,
Suspended - Name Changed,@BigBoyBobAntifa,1082675175584354304,,,,2019-01-08,
Suspended - Name Changed,@bij1geraapt,925275426058113024,,,,2017-10-31,
Suspended - Name Changed,@BlueBobAntifa,1082675175584354304,,,,2019-01-08,
Suspended - Name Changed,@BobPolockRoss,1145601060,,,,,
Suspended - Name Changed,@BOBSABADBOY,894304515054239744,,,,2017-08-06,
Suspended - Name Changed,@BobsB1gBoyDubai,1060677324570611712,,,,2018-11-08,
Suspended - Name Changed,@BObsBigB0yDubai,894304515054239744,,,,2017-08-06,
Suspended - Name Changed,@BowtownAntifa,861818257321455617,,,,2017-05-08,
Suspended - Name Changed,@Bronze_Benis,1527758909968195584,,,,2022-05-20,
Suspended - Name Changed,@Burnt_Notion,1082675175584354304,,,,2019-01-08,
Suspended - Name Changed,@Burnt238,938456024993992705,,,,2017-12-04,
Suspended - Name Changed,@burnt239,938456024993992705,,,,2017-12-04,
Suspended - Name Changed,@Burnt240,938456024993992705,,,,2017-12-04,
Suspended - Name Changed,@Burnt248,1082675175584354304,,,,2019-01-08,
Suspended - Name Changed,@byrdsheit,31046750,,,,,2018-12-20
Suspended - Name Changed,@CampusAntifa,819770373537406976,,,,,
Suspended - Name Changed,@CapeAnnAntifa,1067144398545276928,,,,2018-11-26,
Suspended - Name Changed,@CasinoGulag,953035732230311936,,,,2018-05-24,
Suspended - Name Changed,@ChelseasAntifa,910341574428471296,,,,2017-09-19,
Suspended - Name Changed,@ChitownAntifa,841265713130176514,,,,2017-03-02,
Suspended - Name Changed,@Chris__Cuomo,761792840167022592,,,,2016-08-05,
Suspended - Name Changed,@ChurchAntifa,894300389356580864,,,,2017-08-06,
Suspended - Name Changed,@clothrobe,1491518873455190021,,,,2022-02-09,
Suspended - Name Changed,@CLT_Antifa,893214285547130880,,,,2017-08-01,
Suspended - Name Changed,@Colored_Santa,1068365303380291584,,,,2018-11-29,
Suspended - Name Changed,@communistfilth,31046750,,,,,2018-07-01
Suspended - Name Changed,@ComradeKaren,847863014200135681,,,,2017-03-31,
Suspended - Name Changed,@D0CH0IILLDAY,847853719484071937,,,,2017-03-31,
Suspended - Name Changed,@DaazFuror,819242596572610560,,,,,
Suspended - Name Changed,@DAMN__ALEX,1067144398545276928,,,,2018-11-26,
Suspended - Name Changed,@DatBoiAntifa,859242179612495872,,,,2017-05-01,
Suspended - Name Changed,@DAZIVOSTRI,1067144398545276928,,,,2018-11-26,
Suspended - Name Changed,@DENKbij1geraapt,925275426058113024,,,,2017-10-31,
Suspended - Name Changed,@diogenenerous,906205660672663553,,,,2017-09-06,
Suspended - Name Changed,@DoubleRDoubleU,31046750,,,,,2016-04-02
Suspended - Name Changed,@DSASteveSeagal,953035732230311936,,,,2018-05-24,
Suspended - Name Changed,@dultery,77012250,,,,,
Suspended - Name Changed,@DutchGoy,925275426058113024,,,,2017-10-31,
Suspended - Name Changed,@EarlJGamingHD,2886595444,,,,,
Suspended - Name Changed,@EarlJRapping,2886595444,,,,,
Suspended - Name Changed,@eattherichhhh,99467650,,,,,
Suspended - Name Changed,@ElHefe06956236,1211014150643568640,,,,2019-12-29,
Suspended - Name Changed,@ExquisiteTranny,893214285547130880,,,,2017-08-01,
Suspended - Name Changed,@fakegregghoush,252409895,,,,,
Suspended - Name Changed,@feelingsPHD,848373904020312065,,,,2017-04-01,
Suspended - Name Changed,@FoxNewsSiberia,819770373537406976,,,,,
Suspended - Name Changed,@gablitzantifa,1054137763543609345,,,,2018-10-21,
Suspended - Name Changed,@GayMS13,985306649488510976,,,,2018-04-14,
Suspended - Name Changed,@GeorgeLikes0ats,1060677324570611712,,,,2018-11-08,
Suspended - Name Changed,@gtfonow1,31046750,,,,,2017-02-07
Suspended - Name Changed,@Guamantifa,885360095944691712,,,,,2017-09-25
Suspended - Name Changed,@GulfportAntifa,848710129851781125,,,,2017-04-02,
Suspended - Name Changed,@Hog_It_Fgt,1162262225165287424,,,,2019-08-16,
Suspended - Name Changed,@iamusicth89,99467650,,,,,
Suspended - Name Changed,@IE_ICE_,986656049527533573,,,,2018-04-17,
Suspended - Name Changed,@IeGritty,1064673919976660992,,,,2018-11-19,
Suspended - Name Changed,@InfestSquad,1156094425719660544,,,,2019-07-31,
Suspended - Name Changed,@JAntifah,1217236702173057026,,,,2020-01-15,
Suspended - Name Changed,@JohnOBrennan8,1030340891838271488,,,,2018-08-16,
Suspended - Name Changed,@JosHEinstein,77012250,,,,,
Suspended - Name Changed,@JuggaloAntifa,862717958174515201,,,,2017-05-11,
Suspended - Name Changed,@kalorama_antifa,859578587669819393,,,,2017-05-03,
Suspended - Name Changed,@KEKANTIFA,864814869526310912,,,,2017-05-17,
Suspended - Name Changed,@KnoxAtherton,862717958174515201,,,,2017-05-11,
Suspended - Name Changed,@LagunaBLMAntifa,1047885728401768448,,,,2018-10-03,
Suspended - Name Changed,@LaurenCuca,796441410069266449,,,,,2017-01-02
Suspended - Name Changed,@LDAllan2,1067144398545276928,,,,2018-11-26,
Suspended - Name Changed,@LDallan3,1067144398545276928,,,,2018-11-26,
Suspended - Name Changed,@LDALLAN4,1067144398545276928,,,,2018-11-26,
Suspended - Name Changed,@LDAllan5,1067144398545276928,,,,2018-11-26,
Suspended - Name Changed,@lenofanclub,900058631160320000,,,,,
Suspended - Name Changed,@LessThan0Fux,31046750,,,,,2019-03-12
Suspended - Name Changed,@liquid4revolver,1145601060,,,,,
Suspended - Name Changed,@MontvaleAntifa,932231170372358145,,,,2017-11-19,
Suspended - Name Changed,@NascarAntifa,953035732230311936,,,,2018-05-24,
Suspended - Name Changed,@Nazipuncher_666,924347641126948865,,,,2017-10-28,
Suspended - Name Changed,@notsarahjeong,906205660672663553,,,,2017-09-06,
Suspended - Name Changed,@OMFG_Josh,77012250,,,,,
Suspended - Name Changed,@OMFG_Vince,77012250,,,,,
Suspended - Name Changed,@OMFGNN,77012250,,,,,
Suspended - Name Changed,@PitBullPositive,30458840,,,,,
Suspended - Name Changed,@PNWsra,99467650,,,,,
Suspended - Name Changed,@PPHood1488,994790512535261185,,,,2018-05-08,
Suspended - Name Changed,@QuinnAntifa,891780043520712704,,,,2017-07-30,
Suspended - Name Changed,@RADIOANTIFA1,971225409332305921,,,,2018-03-06,
Suspended - Name Changed,@RamboBiggsAlt,1143503449981685761,,,,2019-06-25,
Suspended - Name Changed,@RealKyleJurek,1217201583034732546,,,,2020-01-15,
Suspended - Name Changed,@ReeeeSleeved,1478195591125606403,,,,2022-01-03,
Suspended - Name Changed,@RepVVilson,958381678296215554,,,,2018-01-30,
Suspended - Name Changed,@resleaved,1457776671533244416,,,,2021-11-08,
Suspended - Name Changed,@resleeved1,1457776671533244416,,,,2021-11-08,
Suspended - Name Changed,@rudyr40,3886541534,,,,,
Suspended - Name Changed,@scienceNfacts,848373904020312065,,,,2017-04-01,
Suspended - Name Changed,@SleevedOne,1473765774800134146,,,,2021-12-22,
Suspended - Name Changed,@StormIsUponUsQ,1248073898412793858,,,,2020-04-09,
Suspended - Name Changed,@Tariq_Elite,885360095944691712,,,,,2017-07-13
Suspended - Name Changed,@tariqhasheed,4725731773,,,,,
Suspended - Name Changed,@theDebaro,841265713130176514,,,,2017-03-02,
Suspended - Name Changed,@TheResleeved,1478195591125606403,,,,2022-01-03,
Suspended - Name Changed,@U_R_FakeNews,761792840167022592,,,,2016-08-05,
Suspended - Name Changed,@UPSonIine,1143503449981685761,,,,2019-06-25,
Suspended - Name Changed,@UscAntifa,848574024258998272,,,,2017-04-02,
Suspended - Name Changed,@VacBloc2,1079964066314051585,,,,2019-01-01,
Suspended - Name Changed,@VALLEJOANTIFA,889671039185235969,,,,2017-07-24,
Suspended - Name Changed,@WBIH4,1156094425719660544,,,,2019-07-31,
Suspended - Name Changed,@WeHoAntifa,848742108034850816,,,,2017-04-02,
Suspended - Name Changed,@WendysAntifa,796441410069266449,,,,,2017-09-03
Suspended - Name Changed,@WhiteChadKing,1295734882644131841,,,,2020-08-18,
Suspended - Name Changed,@WonkOfWallStret,889671039185235969,,,,2017-07-24,
Suspended - Name Changed,@WonkOfWalStreet,889671039185235969,,,,2017-07-24,
Suspended - Name Changed,@WorldStarAntifa,900504494835879936,,,,2017-08-22,
Suspended - Name Changed,@xrp_whale,946204935485452289,,,,2017-12-27,
Suspended - Name Changed,@ZeroFuxtoGive,31046750,,,,,2019-05-25
Suspended - Name Changed,@AnticomPHL,914647870736883712,,,,2017-10-02,
Suspended - Name Changed,@TwolftrapAF,963657463399632898,,,,2018-02-14,
